Questions,Answers
Who are you ?,Chatbot
Hi,"Hello, how I can help you ?"
What is My Equation ?,"My Equation is a forword thinking skill Tech E-learning company committed to providing students with comprehensive knowlwdge and skills aligned with industrial standards and expectations. Their exceptional live training programmes, led by expert mentors from big brands, offer a a diverse range of immersive learning opportunities and cutting edge technology."
What is Robotics ?,"Robotics is the interdisciplinary study and practice of the design, construction, operation, and use of robots. Within mechanical engineering, robotics is the design and construction of the physical structures of robots, while in computer science, robotics focuses on robotic automation algorithms. Other disciplines contributing to robotics include electrical, control, software, information, electronic, telecommunication, computer, mechatronic, and materials engineering."
What is RoboAI ?,A 30+T Days Industrial Training Program on Robotics and AI to Future-proof your career.
Who can benefited from MyEquation ?,"Whether you are a student, working professional, or someone wishing to upskill, we have a programme for you that is accredited by over 50+ industrial partners and has over 45000+ mentees engaged."
Who can register in these training program ?,"Whether you are a student, working professional, or someone wishing to upskill, we have a programme for you that is accredited by over 50+ industrial partners and has over 45000+ mentees engaged."
What is Artificial Intelligence ?,"Artificial intelligence (AI) refers to computer systems capable of performing complex tasks that historically only a human could do, such as reasoning, making decisions, or solving problems."
What is Machine Learning ?,"Machine learning (ML) is a field of study in artificial intelligence concerned with the development and study of statistical algorithms that can learn from data and generalize to unseen data, and thus perform tasks without explicit instructions. Recently, artificial neural networks have been able to surpass many previous approaches in performance."
Goodbye,Talk to you later.
bye,Talk to you later.
Hello,"Hello, how I can help you ?"
Brief me about RoboAI ?,A 30+T Days Industrial Training Program on Robotics and AI to Future-proof your career.
Brief me about MyEquation ?,"My Equation is a forword thinking skill Tech E-learning company committed to providing students with comprehensive knowlwdge and skills aligned with industrial standards and expectations. Their exceptional live training programmes, led by expert mentors from big brands, offer a a diverse range of immersive learning opportunities and cutting edge technology."
What is AI ?,"Artificial intelligence (AI) refers to computer systems capable of performing complex tasks that historically only a human could do, such as reasoning, making decisions, or solving problems."
